epoch,train_mse,val_mse,lr,wall_time
0,47.47428035736084,50.54454803466797,8.250000000000001e-05,3.20991587638855
1,46.873236656188965,50.40135955810547,1e-05,1.8157529830932617
