epoch,train_mse,val_mse,lr,wall_time
0,47.38385486602783,48.38531494140625,8.250000000000001e-05,0.2736692428588867
1,44.51371097564697,47.71456527709961,1e-05,0.015087127685546875
